{"spot_diameter_fullres": 147.01499198369902, "tissue_hires_scalef": 0.091802076, "fiducial_diameter_fullres": 237.48575628135998, "tissue_lowres_scalef": 0.027540622}